{"cameraMode":{"drawMode":0,"name":"Shaded","section":"Shading Mode"},"sceneLighting":true,"audioPlay":false,"sceneViewState":{"m_AlwaysRefresh":false,"showFog":true,"showSkybox":true,"showFlares":true,"showImageEffects":true,"showParticleSystems":true,"showVisualEffectGraphs":true,"m_FxEnabled":true},"in2DMode":false,"pivot":{"x":14.135296821594239,"y":-5.446191787719727,"z":-61.906272888183597},"rotation":{"x":-0.016891401261091234,"y":0.9825929403305054,"z":-0.11099953204393387,"w":-0.1488284319639206},"size":24.392375946044923,"orthographic":false}